protein_id,source_record_name,source_atom_number,source_atom_name,source_residue_name,source_residue_number,source_chain,source_type,target_record_name,target_atom_number,target_atom_name,target_residue_name,target_residue_number,target_chain,target_type,distance,interaction
1BR5,ATOM,628,CZ,POS,80,A,Hydrophobic/Aromatic,HETATM,2124,N4,NEO,500,A,Acceptor/Aromatic,3.48515666792757,aromatic stacking
1BR5,ATOM,633,O,POS,81,A,Acceptor,HETATM,2126,N13,NEO,500,A,Acceptor/Donor,2.855431666140866,hydrogen bond
1BR5,ATOM,958,O,POS,121,A,Acceptor,HETATM,2126,N13,NEO,500,A,Acceptor/Donor,3.147720603865598,hydrogen bond
1BR5,ATOM,974,CD2,POS,123,A,Hydrophobic/Aromatic,HETATM,2121,C7,NEO,500,A,Aromatic,3.407413975436504,aromatic stacking
1BR5,ATOM,976,CE2,POS,123,A,Hydrophobic/Aromatic,HETATM,2127,C16,NEO,500,A,Hydrophobic,3.6221599909446294,hydrophobic
1BR5,ATOM,1396,OE2,POS,177,A,Negative/Acceptor,HETATM,2128,O21,NEO,500,A,Acceptor/Donor,2.7489172413879617,hydrogen bond
1BR5,ATOM,1416,NH1,POS,180,A,Positive/Donor,HETATM,2128,O21,NEO,500,A,Acceptor/Donor,3.0952565321795227,hydrogen bond
1BR5,ATOM,1417,NH2,POS,180,A,Positive/Donor,HETATM,2133,O11,NEO,500,A,Acceptor,3.0438255534770717,hydrogen bond
1BR6,ATOM,620,ND2,POS,78,A,Donor,HETATM,2146,O23,PT1,301,A,Negative/Acceptor,2.7739684569223204,hydrogen bond
1BR6,ATOM,635,CE2,POS,80,A,Hydrophobic/Aromatic,HETATM,2128,C7,PT1,301,A,Aromatic,3.4799083321260054,aromatic stacking
1BR6,ATOM,635,CE2,POS,80,A,Hydrophobic/Aromatic,HETATM,2129,N9,PT1,301,A,Acceptor/Donor/Aromatic,3.319750743655313,aromatic stacking
1BR6,ATOM,638,N,POS,81,A,Donor,HETATM,2136,N4,PT1,301,A,Acceptor/Aromatic,3.1768541042987803,hydrogen bond
1BR6,ATOM,641,O,POS,81,A,Acceptor,HETATM,2131,N11,PT1,301,A,Acceptor/Donor,3.0434135440324237,hydrogen bond
1BR6,ATOM,765,OD2,POS,96,A,Negative/Acceptor,HETATM,2134,O22,PT1,301,A,Negative/Acceptor,5.43714575857591,repulsive
1BR6,ATOM,966,O,POS,121,A,Acceptor,HETATM,2129,N9,PT1,301,A,Acceptor/Donor/Aromatic,2.5694717355908008,hydrogen bond
1BR6,ATOM,966,O,POS,121,A,Acceptor,HETATM,2131,N11,PT1,301,A,Acceptor/Donor,2.9616667604576987,hydrogen bond
1BR6,ATOM,982,CD2,POS,123,A,Hydrophobic/Aromatic,HETATM,2132,C12,PT1,301,A,Aromatic,3.375142367367634,aromatic stacking
1BR6,ATOM,984,CE2,POS,123,A,Hydrophobic/Aromatic,HETATM,2132,C12,PT1,301,A,Aromatic,3.4316602395924916,aromatic stacking
1BR6,ATOM,984,CE2,POS,123,A,Hydrophobic/Aromatic,HETATM,2138,C13,PT1,301,A,Hydrophobic,3.7245985018522463,hydrophobic
1BR6,ATOM,1424,NH1,POS,180,A,Positive/Donor,HETATM,2127,N6,PT1,301,A,Acceptor/Aromatic,3.000364811152137,hydrogen bond
1BR6,ATOM,1425,NH2,POS,180,A,Positive/Donor,HETATM,2135,O1,PT1,301,A,Acceptor,2.8375773117220966,hydrogen bond
1IFS,ATOM,579,CG,POS,80,A,Hydrophobic/Aromatic,HETATM,2046,N1,ADE,300,A,Acceptor/Aromatic,3.246254457062781,aromatic stacking
1IFS,ATOM,579,CG,POS,80,A,Hydrophobic/Aromatic,HETATM,2047,C2,ADE,300,A,Aromatic,3.2284959346420106,aromatic stacking
1IFS,ATOM,580,CD1,POS,80,A,Hydrophobic/Aromatic,HETATM,2047,C2,ADE,300,A,Aromatic,3.3748555524644317,aromatic stacking
1IFS,ATOM,580,CD1,POS,80,A,Hydrophobic/Aromatic,HETATM,2048,N3,ADE,300,A,Acceptor/Aromatic,3.4643709385687895,aromatic stacking
1IFS,ATOM,581,CD2,POS,80,A,Hydrophobic/Aromatic,HETATM,2044,C6,ADE,300,A,Aromatic,3.258696825419633,aromatic stacking
1IFS,ATOM,581,CD2,POS,80,A,Hydrophobic/Aromatic,HETATM,2046,N1,ADE,300,A,Acceptor/Aromatic,3.275045343197555,aromatic stacking
1IFS,ATOM,582,CE1,POS,80,A,Hydrophobic/Aromatic,HETATM,2048,N3,ADE,300,A,Acceptor/Aromatic,3.467519862956809,aromatic stacking
1IFS,ATOM,583,CE2,POS,80,A,Hydrophobic/Aromatic,HETATM,2043,C5,ADE,300,A,Aromatic,3.3672662502392052,aromatic stacking
1IFS,ATOM,584,CZ,POS,80,A,Hydrophobic/Aromatic,HETATM,2049,C4,ADE,300,A,Aromatic,3.4759195905544162,aromatic stacking
1IFS,ATOM,586,N,POS,81,A,Donor,HETATM,2046,N1,ADE,300,A,Acceptor/Aromatic,2.8292774696024425,hydrogen bond
1IFS,ATOM,1372,NH1,POS,180,A,Positive/Donor,HETATM,2048,N3,ADE,300,A,Acceptor/Aromatic,3.0798292160442835,hydrogen bond
1IFS,ATOM,1373,NH2,POS,180,A,Positive/Donor,HETATM,2048,N3,ADE,300,A,Acceptor/Aromatic,3.1453847141486517,hydrogen bond
1IFU,ATOM,579,CG,POS,80,A,Hydrophobic/Aromatic,HETATM,2040,N1,FMC,264,A,Acceptor/Aromatic,3.1322983574365932,aromatic stacking
1IFU,ATOM,579,CG,POS,80,A,Hydrophobic/Aromatic,HETATM,2041,C2,FMC,264,A,Aromatic,3.4531501560169633,aromatic stacking
1IFU,ATOM,580,CD1,POS,80,A,Hydrophobic/Aromatic,HETATM,2040,N1,FMC,264,A,Acceptor/Aromatic,3.448859811589914,aromatic stacking
1IFU,ATOM,580,CD1,POS,80,A,Hydrophobic/Aromatic,HETATM,2045,C6,FMC,264,A,Aromatic,3.4485744881037497,aromatic stacking
1IFU,ATOM,581,CD2,POS,80,A,Hydrophobic/Aromatic,HETATM,2040,N1,FMC,264,A,Acceptor/Aromatic,3.3312349061571767,aromatic stacking
1IFU,ATOM,581,CD2,POS,80,A,Hydrophobic/Aromatic,HETATM,2041,C2,FMC,264,A,Aromatic,3.327951171516794,aromatic stacking
1IFU,ATOM,581,CD2,POS,80,A,Hydrophobic/Aromatic,HETATM,2042,N3,FMC,264,A,Acceptor/Aromatic,3.4801367789211963,aromatic stacking
1IFU,ATOM,581,CD2,POS,80,A,Hydrophobic/Aromatic,HETATM,2045,C6,FMC,264,A,Aromatic,3.4966549729706045,aromatic stacking
1IFU,ATOM,582,CE1,POS,80,A,Hydrophobic/Aromatic,HETATM,2045,C6,FMC,264,A,Aromatic,3.428617505642765,aromatic stacking
1IFU,ATOM,583,CE2,POS,80,A,Hydrophobic/Aromatic,HETATM,2043,C4,FMC,264,A,Aromatic,3.4582508584543157,aromatic stacking
1IFU,ATOM,583,CE2,POS,80,A,Hydrophobic/Aromatic,HETATM,2044,C5,FMC,264,A,Aromatic,3.2367942473997293,aromatic stacking
1IFU,ATOM,583,CE2,POS,80,A,Hydrophobic/Aromatic,HETATM,2045,C6,FMC,264,A,Aromatic,3.4760609891082197,aromatic stacking
1IFU,ATOM,584,CZ,POS,80,A,Hydrophobic/Aromatic,HETATM,2044,C5,FMC,264,A,Aromatic,3.4693918775485693,aromatic stacking
1IFU,ATOM,584,CZ,POS,80,A,Hydrophobic/Aromatic,HETATM,2045,C6,FMC,264,A,Aromatic,3.447667182313283,aromatic stacking
1IFU,ATOM,586,N,POS,81,A,Donor,HETATM,2040,N1,FMC,264,A,Acceptor/Aromatic,2.9263543872880478,hydrogen bond
1IFU,ATOM,589,O,POS,81,A,Acceptor,HETATM,2046,N6,FMC,264,A,Acceptor/Donor,3.1185664976075134,hydrogen bond
1IFU,ATOM,914,O,POS,121,A,Acceptor,HETATM,2046,N6,FMC,264,A,Acceptor/Donor,3.1156029913966945,hydrogen bond
1IFU,ATOM,914,O,POS,121,A,Acceptor,HETATM,2047,N7,FMC,264,A,Donor/Aromatic,2.412418288771659,hydrogen bond
1IFU,ATOM,930,CD2,POS,123,A,Hydrophobic/Aromatic,HETATM,2050,C1',FMC,264,A,Hydrophobic,3.6530494111084755,hydrophobic
1IFU,ATOM,932,CE2,POS,123,A,Hydrophobic/Aromatic,HETATM,2050,C1',FMC,264,A,Hydrophobic,3.349809994611633,hydrophobic
1IFU,ATOM,1372,NH1,POS,180,A,Positive/Donor,HETATM,2052,O2',FMC,264,A,Acceptor/Donor,2.8306820732819826,hydrogen bond
1IL3,ATOM,616,O,POS,79,A,Acceptor,HETATM,2114,N9,7DG,301,A,Donor/Aromatic,3.118525452838249,hydrogen bond
1IL3,ATOM,627,CE2,POS,80,A,Hydrophobic/Aromatic,HETATM,2120,N1,7DG,301,A,Donor/Aromatic,3.374147151503621,aromatic stacking
1IL3,ATOM,627,CE2,POS,80,A,Hydrophobic/Aromatic,HETATM,2121,C2,7DG,301,A,Aromatic,3.4941571229697153,aromatic stacking
1IL3,ATOM,630,N,POS,81,A,Donor,HETATM,2123,N3,7DG,301,A,Acceptor/Aromatic,3.1334838439028214,hydrogen bond
1IL3,ATOM,633,O,POS,81,A,Acceptor,HETATM,2122,N2,7DG,301,A,Acceptor/Donor,2.8412499010118757,hydrogen bond
1IL3,ATOM,958,O,POS,121,A,Acceptor,HETATM,2120,N1,7DG,301,A,Donor/Aromatic,2.7734572288030686,hydrogen bond
1IL3,ATOM,958,O,POS,121,A,Acceptor,HETATM,2122,N2,7DG,301,A,Acceptor/Donor,3.17531242557327,hydrogen bond
1IL4,ATOM,625,CD2,POS,80,A,Hydrophobic/Aromatic,HETATM,2121,N3,9DG,301,A,Acceptor/Donor/Aromatic,3.4885478354180552,aromatic stacking
1IL4,ATOM,627,CE2,POS,80,A,Hydrophobic/Aromatic,HETATM,2119,C2,9DG,301,A,Aromatic,3.4658762239872334,aromatic stacking
1IL4,ATOM,630,N,POS,81,A,Donor,HETATM,2121,N3,9DG,301,A,Acceptor/Donor/Aromatic,3.1768067300356817,hydrogen bond
1IL4,ATOM,633,O,POS,81,A,Acceptor,HETATM,2120,N2,9DG,301,A,Acceptor/Donor,2.8997137789788843,hydrogen bond
1IL4,ATOM,958,O,POS,121,A,Acceptor,HETATM,2120,N2,9DG,301,A,Acceptor/Donor,3.1410568285212537,hydrogen bond
1IL5,ATOM,601,CG,POS,80,A,Hydrophobic/Aromatic,HETATM,4194,C5,DDP,301,A,Hydrophobic,3.76884518121931,hydrophobic
1IL5,ATOM,602,CD1,POS,80,A,Hydrophobic/Aromatic,HETATM,4194,C5,DDP,301,A,Hydrophobic,3.6149612722683457,hydrophobic
1IL5,ATOM,602,CD1,POS,80,A,Hydrophobic/Aromatic,HETATM,4196,C4,DDP,301,A,Hydrophobic,3.58254113723764,hydrophobic
1IL5,ATOM,604,CE1,POS,80,A,Hydrophobic/Aromatic,HETATM,4194,C5,DDP,301,A,Hydrophobic,3.7851591776304505,hydrophobic
1IL5,ATOM,604,CE1,POS,80,A,Hydrophobic/Aromatic,HETATM,4196,C4,DDP,301,A,Hydrophobic,3.619180846545252,hydrophobic
1IL5,ATOM,604,CE1,POS,80,A,Hydrophobic/Aromatic,HETATM,4198,C2,DDP,301,A,Hydrophobic,3.723414159074978,hydrophobic
1IL5,ATOM,605,CE2,POS,80,A,Hydrophobic/Aromatic,HETATM,4201,C6,DDP,301,A,Hydrophobic,3.766838594896253,hydrophobic
1IL5,ATOM,606,CZ,POS,80,A,Hydrophobic/Aromatic,HETATM,4198,C2,DDP,301,A,Hydrophobic,3.7968456644957267,hydrophobic
1IL5,ATOM,606,CZ,POS,80,A,Hydrophobic/Aromatic,HETATM,4201,C6,DDP,301,A,Hydrophobic,3.733409567674028,hydrophobic
1IL9,ATOM,628,CZ,POS,80,A,Hydrophobic/Aromatic,HETATM,2115,C2,MOG,301,A,Aromatic,3.3843779339784144,aromatic stacking
1IL9,ATOM,630,N,POS,81,A,Donor,HETATM,2116,N3,MOG,301,A,Acceptor/Aromatic,3.1049832527728722,hydrogen bond
1IL9,ATOM,633,O,POS,81,A,Acceptor,HETATM,2125,N2,MOG,301,A,Acceptor/Donor,2.8118159612606237,hydrogen bond
1IL9,ATOM,958,O,POS,121,A,Acceptor,HETATM,2114,N1,MOG,301,A,Donor/Aromatic,2.7744408445667035,hydrogen bond
1IL9,ATOM,967,N,POS,123,A,Donor,HETATM,2120,O6,MOG,301,A,Acceptor,3.1286492293000827,hydrogen bond
1IL9,ATOM,1386,CB,POS,176,A,Hydrophobic,HETATM,2124,C10,MOG,301,A,Hydrophobic,3.4071353069697716,hydrophobic
1IL9,ATOM,1415,CZ,POS,180,A,Hydrophobic,HETATM,2124,C10,MOG,301,A,Hydrophobic,3.3986441414187514,hydrophobic
1J1M,ATOM,74,N,POS,15,A,Donor,HETATM,2090,O3,TRE,304,A,Acceptor/Donor,2.920403225583758,hydrogen bond
1J1M,ATOM,1076,OD1,POS,141,A,Acceptor/Donor,HETATM,2092,O5,TRE,304,A,Acceptor,2.7723953542018425,hydrogen bond
1J1M,ATOM,1114,OE2,POS,146,A,Negative/Acceptor,HETATM,2104,O6P,TRE,304,A,Acceptor/Donor,2.693655137540806,hydrogen bond
1J1M,ATOM,1510,OD1,POS,195,A,Acceptor/Donor,HETATM,2093,O6,TRE,304,A,Acceptor/Donor,2.5486447378950228,hydrogen bond
1OBT,ATOM,582,CE1,POS,80,A,Hydrophobic/Aromatic,HETATM,2059,N3,AMP,701,A,Acceptor/Aromatic,3.4118396797036037,aromatic stacking
1OBT,ATOM,585,OH,POS,80,A,Donor,HETATM,2049,O2',AMP,701,A,Acceptor/Donor,2.718497746918325,hydrogen bond
1OBT,ATOM,589,O,POS,81,A,Acceptor,HETATM,2056,N6,AMP,701,A,Acceptor/Donor,3.0589890486891256,hydrogen bond
1OBT,ATOM,919,CB,POS,122,A,Hydrophobic,HETATM,2043,C5',AMP,701,A,Hydrophobic,3.3778657462960187,hydrophobic
1OBT,ATOM,923,N,POS,123,A,Donor,HETATM,2045,O4',AMP,701,A,Acceptor,3.048268524917064,hydrogen bond
1OBT,ATOM,930,CD2,POS,123,A,Hydrophobic/Aromatic,HETATM,2044,C4',AMP,701,A,Hydrophobic,3.744382192031149,hydrophobic
1OBT,ATOM,930,CD2,POS,123,A,Hydrophobic/Aromatic,HETATM,2050,C1',AMP,701,A,Hydrophobic,3.6727809627038717,hydrophobic
1OBT,ATOM,932,CE2,POS,123,A,Hydrophobic/Aromatic,HETATM,2050,C1',AMP,701,A,Hydrophobic,3.7938827077283253,hydrophobic
1RZO,ATOM,41,O,POS,8,A,Acceptor,HETATM,8184,O3,GAL,5001,A,Acceptor/Donor,3.121923445570052,hydrogen bond
1RZO,ATOM,61,ND2,POS,10,A,Donor,HETATM,8183,O2,GAL,5001,A,Acceptor/Donor,2.5069764657850295,hydrogen bond
1RZO,ATOM,61,ND2,POS,10,A,Donor,HETATM,8184,O3,GAL,5001,A,Acceptor/Donor,2.4161043023843147,hydrogen bond
1RZO,ATOM,2790,OD1,ASN,2095,B,Acceptor/Donor,HETATM,8210,O2,GAL,5002,B,Acceptor/Donor,2.3715161816863124,hydrogen bond
1RZO,ATOM,2791,ND2,ASN,2095,B,Donor,HETATM,8210,O2,GAL,5002,B,Acceptor/Donor,2.2748426319198454,hydrogen bond
1RZO,ATOM,2791,ND2,ASN,2095,B,Donor,HETATM,8211,O3,GAL,5002,B,Acceptor/Donor,2.891996715074206,hydrogen bond
1RZO,ATOM,4132,O,POS,8,C,Acceptor,HETATM,8286,O3,GAL,5501,C,Acceptor/Donor,3.1080579145183247,hydrogen bond
1RZO,ATOM,4151,OD1,POS,10,C,Acceptor/Donor,HETATM,8285,O2,GAL,5501,C,Acceptor/Donor,2.5881294403487645,hydrogen bond
1RZO,ATOM,4151,OD1,POS,10,C,Acceptor/Donor,HETATM,8286,O3,GAL,5501,C,Acceptor/Donor,2.7386326880397864,hydrogen bond
1RZO,ATOM,6881,OD1,ASN,2095,D,Acceptor/Donor,HETATM,8307,O2,GAL,5502,D,Acceptor/Donor,2.1797341581027743,hydrogen bond
2P8N,ATOM,586,N,POS,81,A,Donor,HETATM,2060,N1,ADE,271,A,Acceptor/Aromatic,2.809046457429994,hydrogen bond
2P8N,ATOM,589,O,POS,81,A,Acceptor,HETATM,2059,N6,ADE,271,A,Acceptor/Donor,3.1209463308426173,hydrogen bond
2P8N,ATOM,914,O,POS,121,A,Acceptor,HETATM,2059,N6,ADE,271,A,Acceptor/Donor,3.1723079926135793,hydrogen bond
2P8N,ATOM,1372,NH1,POS,180,A,Positive/Donor,HETATM,2062,N3,ADE,271,A,Acceptor/Aromatic,3.0182251407076968,hydrogen bond
3EJ5,ATOM,584,CD1,POS,80,X,Hydrophobic/Aromatic,HETATM,2032,CAI,EJ5,300,X,Aromatic,3.4805012570030773,aromatic stacking
3EJ5,ATOM,584,CD1,POS,80,X,Hydrophobic/Aromatic,HETATM,2038,CAT,EJ5,300,X,Hydrophobic,3.5480831444598357,hydrophobic
3EJ5,ATOM,584,CD1,POS,80,X,Hydrophobic/Aromatic,HETATM,2039,CAS,EJ5,300,X,Hydrophobic,3.2281556653916175,hydrophobic
3EJ5,ATOM,584,CD1,POS,80,X,Hydrophobic/Aromatic,HETATM,2042,CAP,EJ5,300,X,Hydrophobic,3.590559427164519,hydrophobic
3EJ5,ATOM,586,CE1,POS,80,X,Hydrophobic/Aromatic,HETATM,2032,CAI,EJ5,300,X,Aromatic,3.3606932320579337,aromatic stacking
3EJ5,ATOM,586,CE1,POS,80,X,Hydrophobic/Aromatic,HETATM,2038,CAT,EJ5,300,X,Hydrophobic,3.6009712578691877,hydrophobic
3EJ5,ATOM,586,CE1,POS,80,X,Hydrophobic/Aromatic,HETATM,2039,CAS,EJ5,300,X,Hydrophobic,3.608801601640079,hydrophobic
3EJ5,ATOM,586,CE1,POS,80,X,Hydrophobic/Aromatic,HETATM,2042,CAP,EJ5,300,X,Hydrophobic,3.228641045393557,hydrophobic
3EJ5,ATOM,586,CE1,POS,80,X,Hydrophobic/Aromatic,HETATM,2045,CAU,EJ5,300,X,Hydrophobic,3.3545798544676204,hydrophobic
3EJ5,ATOM,588,CZ,POS,80,X,Hydrophobic/Aromatic,HETATM,2042,CAP,EJ5,300,X,Hydrophobic,3.4219085317991778,hydrophobic
3EJ5,ATOM,593,O,POS,81,X,Acceptor,HETATM,2043,NAA,EJ5,300,X,Acceptor/Donor,3.0760666442715445,hydrogen bond
3EJ5,ATOM,717,OD2,POS,96,X,Negative/Acceptor,HETATM,2030,OAD,EJ5,300,X,Negative/Acceptor,4.738128005868984,repulsive
3EJ5,ATOM,717,OD2,POS,96,X,Negative/Acceptor,HETATM,2031,OAB,EJ5,300,X,Negative/Acceptor,5.417574918725167,repulsive
3EJ5,ATOM,918,O,POS,121,X,Acceptor,HETATM,2043,NAA,EJ5,300,X,Acceptor/Donor,2.9486902177068384,hydrogen bond
3EJ5,ATOM,918,O,POS,121,X,Acceptor,HETATM,2044,NAN,EJ5,300,X,Donor,2.7273318463289353,hydrogen bond
3EJ5,ATOM,936,CE2,POS,123,X,Hydrophobic/Aromatic,HETATM,2036,CAJ,EJ5,300,X,Hydrophobic,3.4510827286519805,hydrophobic
3EJ5,ATOM,1312,CG2,POS,172,X,Hydrophobic,HETATM,2038,CAT,EJ5,300,X,Hydrophobic,3.7272350341774803,hydrophobic
3EJ5,ATOM,1312,CG2,POS,172,X,Hydrophobic,HETATM,2039,CAS,EJ5,300,X,Hydrophobic,3.362656390415173,hydrophobic
3EJ5,ATOM,1313,CD1,POS,172,X,Hydrophobic,HETATM,2042,CAP,EJ5,300,X,Hydrophobic,3.3624996654274923,hydrophobic
3EJ5,ATOM,1372,CZ,POS,180,X,Hydrophobic,HETATM,2037,CAL,EJ5,300,X,Hydrophobic,3.576133246958228,hydrophobic
3EJ5,ATOM,1373,NH1,POS,180,X,Positive/Donor,HETATM,2040,OAE,EJ5,300,X,Acceptor,3.166694175319114,hydrogen bond
3EJ5,ATOM,1374,NH2,POS,180,X,Positive/Donor,HETATM,2040,OAE,EJ5,300,X,Acceptor,2.9444316938927284,hydrogen bond
3HIO,ATOM,558,OD2,POS,75,A,Negative/Acceptor,HETATM,2066,N1G,C2X,268,A,Positive/Donor/Aromatic,4.216037238924722,salt bridge
3HIO,ATOM,558,OD2,POS,75,A,Negative/Acceptor,HETATM,2068,N2G,C2X,268,A,Acceptor/Donor,2.5031582051480448,hydrogen bond
3HIO,ATOM,580,ND2,POS,78,A,Donor,HETATM,2069,N3G,C2X,268,A,Acceptor/Donor/Aromatic,2.876820814718915,hydrogen bond
3HIO,ATOM,580,ND2,POS,78,A,Donor,HETATM,2074,O2E,C2X,268,A,Acceptor,3.162877803520079,hydrogen bond
3HIO,ATOM,593,CD2,POS,80,A,Hydrophobic/Aromatic,HETATM,2072,C1E,C2X,268,A,Hydrophobic,3.646352423998536,hydrophobic
3HIO,ATOM,595,CE2,POS,80,A,Hydrophobic/Aromatic,HETATM,2071,N9G,C2X,268,A,Aromatic,3.431719976921193,aromatic stacking
3HIO,ATOM,595,CE2,POS,80,A,Hydrophobic/Aromatic,HETATM,2072,C1E,C2X,268,A,Hydrophobic,3.460705563898784,hydrophobic
3HIO,ATOM,598,N,POS,81,A,Donor,HETATM,2093,N1I,C2X,268,A,Acceptor/Aromatic,2.8363897828048943,hydrogen bond
3HIO,ATOM,724,OD1,POS,96,A,Negative/Acceptor,HETATM,2066,N1G,C2X,268,A,Positive/Donor/Aromatic,4.297845623100018,salt bridge
3HIO,ATOM,724,OD1,POS,96,A,Negative/Acceptor,HETATM,2129,O1U,C2X,268,A,Negative/Acceptor,3.9493333614674793,repulsive
3HIO,ATOM,759,OD2,POS,100,A,Negative/Acceptor,HETATM,2066,N1G,C2X,268,A,Positive/Donor/Aromatic,3.257406944181216,salt bridge
3HIO,ATOM,926,O,POS,121,A,Acceptor,HETATM,2089,N7I,C2X,268,A,Donor/Aromatic,2.7356335646427508,hydrogen bond
3HIO,ATOM,926,O,POS,121,A,Acceptor,HETATM,2092,N6I,C2X,268,A,Acceptor/Donor,3.1846139483460156,hydrogen bond
3HIO,ATOM,944,CE2,POS,123,A,Hydrophobic/Aromatic,HETATM,2086,C6C,C2X,268,A,Hydrophobic,3.4218743401825833,hydrophobic
3HIO,ATOM,953,OD1,POS,124,A,Negative/Acceptor,HETATM,2113,N1N,C2X,268,A,Positive/Donor/Aromatic,4.8798260214888804,salt bridge
3HIO,ATOM,954,OD2,POS,124,A,Negative/Acceptor,HETATM,2113,N1N,C2X,268,A,Positive/Donor/Aromatic,4.326496619668159,salt bridge
3HIO,ATOM,1383,CZ,POS,180,A,Hydrophobic,HETATM,2084,C7C,C2X,268,A,Hydrophobic,3.707404752653801,hydrophobic
3HIO,ATOM,1384,NH1,POS,180,A,Positive/Donor,HETATM,2095,N3I,C2X,268,A,Acceptor/Aromatic,3.0379428895224483,hydrogen bond
3HIO,ATOM,1385,NH2,POS,180,A,Positive/Donor,HETATM,2095,N3I,C2X,268,A,Acceptor/Aromatic,3.0686013100433893,hydrogen bond
3HIO,ATOM,1652,CE3,POS,211,A,Hydrophobic/Aromatic,HETATM,2082,C5C,C2X,268,A,Hydrophobic,3.277348623506508,hydrophobic
3HIO,ATOM,1654,CZ3,POS,211,A,Hydrophobic/Aromatic,HETATM,2082,C5C,C2X,268,A,Hydrophobic,3.6398876356283307,hydrophobic
3HIO,ATOM,1656,N,POS,212,A,Donor,HETATM,2102,O2Y,C2X,268,A,Negative/Acceptor,3.0091776285224534,hydrogen bond
3HIO,ATOM,1664,CB,POS,213,A,Hydrophobic,HETATM,2154,C6B,C2X,268,A,Hydrophobic,3.67171962437221,hydrophobic
3HIO,ATOM,2020,NH1,POS,258,A,Positive/Donor,HETATM,2079,O2V,C2X,268,A,Negative/Acceptor,2.9441868147249077,hydrogen bond
3HIO,ATOM,2020,NH1,POS,258,A,Positive/Donor,HETATM,2079,O2V,C2X,268,A,Negative/Acceptor,2.9441868147249077,salt bridge
3HIO,ATOM,2020,NH1,POS,258,A,Positive/Donor,HETATM,2151,O1Z,C2X,268,A,Negative/Acceptor,3.2290668930822735,salt bridge
3HIO,ATOM,2021,NH2,POS,258,A,Positive/Donor,HETATM,2079,O2V,C2X,268,A,Negative/Acceptor,3.8347134182361016,salt bridge
3PX8,ATOM,597,CG,POS,80,X,Hydrophobic/Aromatic,HETATM,2046,C2,JP2,1,X,Aromatic,3.4942853346571456,aromatic stacking
3PX8,ATOM,604,N,POS,81,X,Donor,HETATM,2047,N2,JP2,1,X,Acceptor/Aromatic,3.044692102659971,hydrogen bond
3PX8,ATOM,607,O,POS,81,X,Acceptor,HETATM,2044,N1,JP2,1,X,Acceptor/Donor,2.910901235012965,hydrogen bond
3PX8,ATOM,932,O,POS,121,X,Acceptor,HETATM,2044,N1,JP2,1,X,Acceptor/Donor,3.011326783994058,hydrogen bond
3PX8,ATOM,932,O,POS,121,X,Acceptor,HETATM,2050,N3,JP2,1,X,Acceptor/Donor/Aromatic,2.7040262572689637,hydrogen bond
3PX8,ATOM,941,N,POS,123,X,Donor,HETATM,2048,O2,JP2,1,X,Negative/Acceptor,2.846024947185109,hydrogen bond
3PX8,ATOM,946,CG,POS,123,X,Hydrophobic/Aromatic,HETATM,2057,C7,JP2,1,X,Hydrophobic,3.73676036159666,hydrophobic
3PX8,ATOM,948,CD2,POS,123,X,Hydrophobic/Aromatic,HETATM,2054,C5,JP2,1,X,Aromatic,3.417259867203547,aromatic stacking
3PX8,ATOM,948,CD2,POS,123,X,Hydrophobic/Aromatic,HETATM,2057,C7,JP2,1,X,Hydrophobic,3.0966144416120005,hydrophobic
3PX8,ATOM,950,CE2,POS,123,X,Hydrophobic/Aromatic,HETATM,2057,C7,JP2,1,X,Hydrophobic,3.6256239463022086,hydrophobic
3PX8,ATOM,1390,NH1,POS,180,X,Positive/Donor,HETATM,2055,N5,JP2,1,X,Acceptor/Aromatic,3.1112913717618924,hydrogen bond
3PX8,ATOM,1391,NH2,POS,180,X,Positive/Donor,HETATM,2045,O1,JP2,1,X,Acceptor,2.7776144440868675,hydrogen bond
3PX9,ATOM,600,CE1,POS,80,X,Hydrophobic/Aromatic,HETATM,2049,C3,JP3,1,X,Aromatic,3.4182725169301524,aromatic stacking
3PX9,ATOM,600,CE1,POS,80,X,Hydrophobic/Aromatic,HETATM,2052,C4,JP3,1,X,Aromatic,3.274206010623033,aromatic stacking
3PX9,ATOM,602,CZ,POS,80,X,Hydrophobic/Aromatic,HETATM,2055,N5,JP3,1,X,Acceptor/Aromatic,3.481473825838706,aromatic stacking
3PX9,ATOM,607,O,POS,81,X,Acceptor,HETATM,2044,N1,JP3,1,X,Acceptor/Donor,2.82248170941815,hydrogen bond
3PX9,ATOM,932,O,POS,121,X,Acceptor,HETATM,2044,N1,JP3,1,X,Acceptor/Donor,3.0687751628296267,hydrogen bond
3PX9,ATOM,941,N,POS,123,X,Donor,HETATM,2048,O2,JP3,1,X,Acceptor,2.9529475105392575,hydrogen bond
3PX9,ATOM,946,CG,POS,123,X,Hydrophobic/Aromatic,HETATM,2058,C7,JP3,1,X,Hydrophobic,3.6956613751803613,hydrophobic
3PX9,ATOM,948,CD2,POS,123,X,Hydrophobic/Aromatic,HETATM,2058,C7,JP3,1,X,Hydrophobic,3.1365347120668057,hydrophobic
3PX9,ATOM,950,CE2,POS,123,X,Hydrophobic/Aromatic,HETATM,2058,C7,JP3,1,X,Hydrophobic,3.603145847728066,hydrophobic
3PX9,ATOM,1390,NH1,POS,180,X,Positive/Donor,HETATM,2055,N5,JP3,1,X,Acceptor/Aromatic,3.1395850044233553,hydrogen bond
3PX9,ATOM,1391,NH2,POS,180,X,Positive/Donor,HETATM,2045,O1,JP3,1,X,Acceptor,2.722419144804855,hydrogen bond
3RTI,ATOM,579,CG,POS,80,A,Hydrophobic/Aromatic,HETATM,4140,N1,FMP,301,A,Acceptor/Aromatic,3.4737328624982067,aromatic stacking
3RTI,ATOM,582,CE1,POS,80,A,Hydrophobic/Aromatic,HETATM,4136,C5,FMP,301,A,Aromatic,3.4042119499232113,aromatic stacking
3RTI,ATOM,586,N,POS,81,A,Donor,HETATM,4140,N1,FMP,301,A,Acceptor/Aromatic,2.9831609074939207,hydrogen bond
3RTI,ATOM,589,O,POS,81,A,Acceptor,HETATM,4135,N6,FMP,301,A,Acceptor/Donor,3.16355006282499,hydrogen bond
3RTI,ATOM,914,CD2,POS,123,A,Hydrophobic/Aromatic,HETATM,4130,C1',FMP,301,A,Hydrophobic,3.4760801199051796,hydrophobic
3RTI,ATOM,916,CE2,POS,123,A,Hydrophobic/Aromatic,HETATM,4130,C1',FMP,301,A,Hydrophobic,3.256022880754989,hydrophobic
3RTI,ATOM,1336,OE2,POS,177,A,Negative/Acceptor,HETATM,4129,O2',FMP,301,A,Acceptor/Donor,3.139667657571418,hydrogen bond
3RTI,ATOM,1988,NH1,POS,258,A,Positive/Donor,HETATM,4119,O1P,FMP,301,A,Negative/Acceptor,5.3504337207370405,salt bridge
3RTI,ATOM,1989,NH2,POS,258,A,Positive/Donor,HETATM,4119,O1P,FMP,301,A,Negative/Acceptor,4.398812339711706,salt bridge
3RTI,ATOM,2176,OD1,POS,62,B,Negative/Acceptor,HETATM,4024,O4,GAL,264,B,Acceptor/Donor,2.6738969688452836,hydrogen bond
3RTI,ATOM,2177,OD2,POS,62,B,Negative/Acceptor,HETATM,4023,O3,GAL,264,B,Acceptor/Donor,2.837572730345425,hydrogen bond
3RTI,ATOM,2196,N,ASP,25,B,Donor,HETATM,4026,O6,GAL,264,B,Acceptor/Donor,3.182131518337985,hydrogen bond
3RTI,ATOM,2202,OD1,ASP,25,B,Negative/Acceptor,HETATM,4026,O6,GAL,264,B,Acceptor/Donor,2.8687188778268244,hydrogen bond
3RTI,ATOM,2202,OD1,ASP,25,B,Negative/Acceptor,HETATM,4035,O3,BGC,265,B,Acceptor/Donor,2.89686416664641,hydrogen bond
3RTI,ATOM,2296,CD1,TRP,37,B,Hydrophobic/Aromatic,HETATM,4019,C4,GAL,264,B,Hydrophobic,3.611528346836003,hydrophobic
3RTI,ATOM,2299,CE2,TRP,37,B,Hydrophobic/Aromatic,HETATM,4019,C4,GAL,264,B,Hydrophobic,3.5966075682509455,hydrophobic
3RTI,ATOM,2299,CE2,TRP,37,B,Hydrophobic/Aromatic,HETATM,4020,C5,GAL,264,B,Hydrophobic,3.607620129669975,hydrophobic
3RTI,ATOM,2299,CE2,TRP,37,B,Hydrophobic/Aromatic,HETATM,4021,C6,GAL,264,B,Hydrophobic,3.5303164164136906,hydrophobic
3RTI,ATOM,2301,CZ2,TRP,37,B,Hydrophobic/Aromatic,HETATM,4020,C5,GAL,264,B,Hydrophobic,3.639683777472984,hydrophobic
3RTI,ATOM,2301,CZ2,TRP,37,B,Hydrophobic/Aromatic,HETATM,4021,C6,GAL,264,B,Hydrophobic,3.329957807540508,hydrophobic
3RTI,ATOM,2302,CZ3,TRP,37,B,Hydrophobic/Aromatic,HETATM,4021,C6,GAL,264,B,Hydrophobic,3.7519756129271395,hydrophobic
3RTI,ATOM,2303,CH2,TRP,37,B,Hydrophobic/Aromatic,HETATM,4021,C6,GAL,264,B,Hydrophobic,3.435357477759772,hydrophobic
3RTI,ATOM,2325,NZ,LYS,40,B,Positive/Donor,HETATM,4022,O2,GAL,264,B,Acceptor/Donor,3.1880177226609017,hydrogen bond
3RTI,ATOM,2325,NZ,LYS,40,B,Positive/Donor,HETATM,4023,O3,GAL,264,B,Acceptor/Donor,2.871842788176263,hydrogen bond
3RTI,ATOM,2367,ND2,ASN,46,B,Donor,HETATM,4023,O3,GAL,264,B,Acceptor/Donor,2.749379748234137,hydrogen bond
3RTI,ATOM,3520,OE2,GLU,199,B,Negative/Acceptor,HETATM,4049,O6,GAL,267,B,Acceptor/Donor,3.179779552107348,hydrogen bond
3RTI,ATOM,3783,OD1,ASP,234,B,Negative/Acceptor,HETATM,4047,O4,GAL,267,B,Acceptor/Donor,2.8223148300641476,hydrogen bond
3RTI,ATOM,3784,OD2,ASP,234,B,Negative/Acceptor,HETATM,4046,O3,GAL,267,B,Acceptor/Donor,2.9095698994868626,hydrogen bond
3RTI,ATOM,3803,N,ALA,237,B,Donor,HETATM,4047,O4,GAL,267,B,Acceptor/Donor,2.763568345454835,hydrogen bond
3RTI,ATOM,3807,CB,ALA,237,B,Hydrophobic,HETATM,4051,C3,BGC,268,B,Hydrophobic,3.5772030973932694,hydrophobic
3RTI,ATOM,3894,CE2,TYR,248,B,Hydrophobic/Aromatic,HETATM,4041,C3,GAL,267,B,Hydrophobic,3.794587988174739,hydrophobic
3RTI,ATOM,3921,NE2,HIS,251,B,Positive/Donor/Aromatic,HETATM,4046,O3,GAL,267,B,Acceptor/Donor,2.7539335503965963,hydrogen bond
3RTJ,ATOM,2228,OD1,POS,62,B,Negative/Acceptor,HETATM,4099,O4,GAL,264,B,Acceptor/Donor,2.5913502271981645,hydrogen bond
3RTJ,ATOM,2229,OD2,POS,62,B,Negative/Acceptor,HETATM,4098,O3,GAL,264,B,Acceptor/Donor,2.5499768626401313,hydrogen bond
3RTJ,ATOM,2248,N,ASP,25,B,Donor,HETATM,4099,O4,GAL,264,B,Acceptor/Donor,3.191237220890982,hydrogen bond
3RTJ,ATOM,2254,OD1,ASP,25,B,Negative/Acceptor,HETATM,4110,O3,BGC,265,B,Acceptor/Donor,2.7325991290344818,hydrogen bond
3RTJ,ATOM,2348,CD1,TRP,37,B,Hydrophobic/Aromatic,HETATM,4094,C4,GAL,264,B,Hydrophobic,3.545460477850515,hydrophobic
3RTJ,ATOM,2351,CE2,TRP,37,B,Hydrophobic/Aromatic,HETATM,4094,C4,GAL,264,B,Hydrophobic,3.546217280427131,hydrophobic
3RTJ,ATOM,2351,CE2,TRP,37,B,Hydrophobic/Aromatic,HETATM,4095,C5,GAL,264,B,Hydrophobic,3.531524883106445,hydrophobic
3RTJ,ATOM,2351,CE2,TRP,37,B,Hydrophobic/Aromatic,HETATM,4096,C6,GAL,264,B,Hydrophobic,3.582795696101021,hydrophobic
3RTJ,ATOM,2353,CZ2,TRP,37,B,Hydrophobic/Aromatic,HETATM,4095,C5,GAL,264,B,Hydrophobic,3.583467036265297,hydrophobic
3RTJ,ATOM,2353,CZ2,TRP,37,B,Hydrophobic/Aromatic,HETATM,4096,C6,GAL,264,B,Hydrophobic,3.365059434839155,hydrophobic
3RTJ,ATOM,2355,CH2,TRP,37,B,Hydrophobic/Aromatic,HETATM,4096,C6,GAL,264,B,Hydrophobic,3.4793467777730958,hydrophobic
3RTJ,ATOM,2377,NZ,LYS,40,B,Positive/Donor,HETATM,4097,O2,GAL,264,B,Acceptor/Donor,2.9688398407458774,hydrogen bond
3RTJ,ATOM,2377,NZ,LYS,40,B,Positive/Donor,HETATM,4098,O3,GAL,264,B,Acceptor/Donor,2.988626774958692,hydrogen bond
3RTJ,ATOM,2419,ND2,ASN,46,B,Donor,HETATM,4098,O3,GAL,264,B,Acceptor/Donor,2.774558163023437,hydrogen bond
3RTJ,ATOM,3858,OD1,ASP,234,B,Negative/Acceptor,HETATM,4122,O4,GAL,267,B,Acceptor/Donor,2.675184853426022,hydrogen bond
3RTJ,ATOM,3859,OD2,ASP,234,B,Negative/Acceptor,HETATM,4121,O3,GAL,267,B,Acceptor/Donor,2.6339622244823495,hydrogen bond
3RTJ,ATOM,3878,N,ALA,237,B,Donor,HETATM,4122,O4,GAL,267,B,Acceptor/Donor,2.9390348756011733,hydrogen bond
3RTJ,ATOM,3882,CB,ALA,237,B,Hydrophobic,HETATM,4126,C3,BGC,268,B,Hydrophobic,3.448147038628139,hydrophobic
3RTJ,ATOM,3969,CE2,TYR,248,B,Hydrophobic/Aromatic,HETATM,4116,C3,GAL,267,B,Hydrophobic,3.649714920373918,hydrophobic
3RTJ,ATOM,3996,NE2,HIS,251,B,Positive/Donor/Aromatic,HETATM,4121,O3,GAL,267,B,Acceptor/Donor,2.7219498525872914,hydrogen bond
3RTJ,ATOM,4023,ND2,ASN,255,B,Donor,HETATM,4121,O3,GAL,267,B,Acceptor/Donor,2.9724229174193897,hydrogen bond
4ESI,ATOM,592,CE2,POS,80,A,Hydrophobic/Aromatic,HETATM,2063,C4,0RB,301,A,Aromatic,3.437449199624629,aromatic stacking
4ESI,ATOM,595,N,POS,81,A,Donor,HETATM,2070,N2,0RB,301,A,Acceptor/Aromatic,3.136690453328157,hydrogen bond
4ESI,ATOM,598,O,POS,81,A,Acceptor,HETATM,2073,N1,0RB,301,A,Acceptor/Donor,2.754926133311017,hydrogen bond
4ESI,ATOM,923,O,POS,121,A,Acceptor,HETATM,2072,N3,0RB,301,A,Acceptor/Donor/Aromatic,2.5627770094177134,hydrogen bond
4ESI,ATOM,923,O,POS,121,A,Acceptor,HETATM,2073,N1,0RB,301,A,Acceptor/Donor,3.1869824285678137,hydrogen bond
4ESI,ATOM,932,N,POS,123,A,Donor,HETATM,2066,O2,0RB,301,A,Acceptor,2.824108000767676,hydrogen bond
4ESI,ATOM,937,CG,POS,123,A,Hydrophobic/Aromatic,HETATM,2067,C7,0RB,301,A,Hydrophobic,3.743852160542668,hydrophobic
4ESI,ATOM,939,CD2,POS,123,A,Hydrophobic/Aromatic,HETATM,2067,C7,0RB,301,A,Hydrophobic,3.18037655003303,hydrophobic
4ESI,ATOM,941,CE2,POS,123,A,Hydrophobic/Aromatic,HETATM,2067,C7,0RB,301,A,Hydrophobic,3.68937745425973,hydrophobic
4ESI,ATOM,1381,NH1,POS,180,A,Positive/Donor,HETATM,2068,N5,0RB,301,A,Acceptor/Aromatic,3.0455682556790626,hydrogen bond
4ESI,ATOM,1382,NH2,POS,180,A,Positive/Donor,HETATM,2069,O1,0RB,301,A,Acceptor,2.8781499266021573,hydrogen bond
4HUO,ATOM,590,CD2,POS,80,X,Hydrophobic/Aromatic,HETATM,2088,C2,RS8,301,X,Aromatic,3.4176357324911035,aromatic stacking
4HUO,ATOM,591,CE1,POS,80,X,Hydrophobic/Aromatic,HETATM,2085,C1,RS8,301,X,Aromatic,3.4189767475079456,aromatic stacking
4HUO,ATOM,592,CE2,POS,80,X,Hydrophobic/Aromatic,HETATM,2085,C1,RS8,301,X,Aromatic,3.434113713900575,aromatic stacking
4HUO,ATOM,592,CE2,POS,80,X,Hydrophobic/Aromatic,HETATM,2091,N3,RS8,301,X,Acceptor/Donor/Aromatic,3.4007618264147816,aromatic stacking
4HUO,ATOM,592,CE2,POS,80,X,Hydrophobic/Aromatic,HETATM,2093,C4,RS8,301,X,Aromatic,3.2684728850030256,aromatic stacking
4HUO,ATOM,593,CZ,POS,80,X,Hydrophobic/Aromatic,HETATM,2085,C1,RS8,301,X,Aromatic,3.173397863489545,aromatic stacking
4HUO,ATOM,593,CZ,POS,80,X,Hydrophobic/Aromatic,HETATM,2091,N3,RS8,301,X,Acceptor/Donor/Aromatic,3.308001511486958,aromatic stacking
4HUO,ATOM,595,N,POS,81,X,Donor,HETATM,2089,N2,RS8,301,X,Acceptor/Aromatic,3.0619421940983793,hydrogen bond
4HUO,ATOM,598,O,POS,81,X,Acceptor,HETATM,2086,N1,RS8,301,X,Acceptor/Donor,2.9761622939618055,hydrogen bond
4HUO,ATOM,923,O,POS,121,X,Acceptor,HETATM,2086,N1,RS8,301,X,Acceptor/Donor,3.1185413256841743,hydrogen bond
4HUO,ATOM,923,O,POS,121,X,Acceptor,HETATM,2091,N3,RS8,301,X,Acceptor/Donor/Aromatic,2.7158580596194644,hydrogen bond
4HUO,ATOM,932,N,POS,123,X,Donor,HETATM,2092,O2,RS8,301,X,Acceptor,2.936076633877256,hydrogen bond
4HUO,ATOM,937,CG,POS,123,X,Hydrophobic/Aromatic,HETATM,2098,C7,RS8,301,X,Hydrophobic,3.621377776482315,hydrophobic
4HUO,ATOM,939,CD2,POS,123,X,Hydrophobic/Aromatic,HETATM,2095,C5,RS8,301,X,Aromatic,3.4940495131008094,aromatic stacking
4HUO,ATOM,939,CD2,POS,123,X,Hydrophobic/Aromatic,HETATM,2098,C7,RS8,301,X,Hydrophobic,3.0054901430548737,hydrophobic
4HUO,ATOM,939,CD2,POS,123,X,Hydrophobic/Aromatic,HETATM,2100,C8,RS8,301,X,Hydrophobic,3.5995069106754065,hydrophobic
4HUO,ATOM,941,CE2,POS,123,X,Hydrophobic/Aromatic,HETATM,2095,C5,RS8,301,X,Aromatic,3.4999169990158334,aromatic stacking
4HUO,ATOM,941,CE2,POS,123,X,Hydrophobic/Aromatic,HETATM,2098,C7,RS8,301,X,Hydrophobic,3.4511288008418353,hydrophobic
4HUO,ATOM,1386,NH1,POS,180,X,Positive/Donor,HETATM,2096,N5,RS8,301,X,Acceptor/Aromatic,3.0977872748140727,hydrogen bond
4HUO,ATOM,1387,NH2,POS,180,X,Positive/Donor,HETATM,2087,O1,RS8,301,X,Acceptor,2.8620445489195308,hydrogen bond
4HUO,ATOM,2019,NH2,POS,258,X,Positive/Donor,HETATM,2106,O5,RS8,301,X,Negative/Acceptor,5.278410840395053,salt bridge
4HUP,ATOM,594,CE1,POS,80,X,Hydrophobic/Aromatic,HETATM,2092,C1,19M,301,X,Aromatic,3.4645050151500723,aromatic stacking
4HUP,ATOM,594,CE1,POS,80,X,Hydrophobic/Aromatic,HETATM,2098,N3,19M,301,X,Acceptor/Aromatic,3.252109161759486,aromatic stacking
4HUP,ATOM,594,CE1,POS,80,X,Hydrophobic/Aromatic,HETATM,2100,C4,19M,301,X,Aromatic,3.3548703402665216,aromatic stacking
4HUP,ATOM,594,CE1,POS,80,X,Hydrophobic/Aromatic,HETATM,2130,C25,19M,301,X,Aromatic,3.28233483971395,aromatic stacking
4HUP,ATOM,596,CZ,POS,80,X,Hydrophobic/Aromatic,HETATM,2092,C1,19M,301,X,Aromatic,3.36310764026369,aromatic stacking
4HUP,ATOM,596,CZ,POS,80,X,Hydrophobic/Aromatic,HETATM,2098,N3,19M,301,X,Acceptor/Aromatic,3.370857161020026,aromatic stacking
4HUP,ATOM,601,O,POS,81,X,Acceptor,HETATM,2093,N1,19M,301,X,Acceptor/Donor,2.955798707625403,hydrogen bond
4HUP,ATOM,926,O,POS,121,X,Acceptor,HETATM,2093,N1,19M,301,X,Acceptor/Donor,3.0812012267945126,hydrogen bond
4HUP,ATOM,935,N,POS,123,X,Donor,HETATM,2099,O2,19M,301,X,Acceptor,2.8597365263254595,hydrogen bond
4HUP,ATOM,940,CG,POS,123,X,Hydrophobic/Aromatic,HETATM,2105,C7,19M,301,X,Hydrophobic,3.6165854061531584,hydrophobic
4HUP,ATOM,942,CD2,POS,123,X,Hydrophobic/Aromatic,HETATM,2105,C7,19M,301,X,Hydrophobic,3.0893573765428948,hydrophobic
4HUP,ATOM,942,CD2,POS,123,X,Hydrophobic/Aromatic,HETATM,2107,C8,19M,301,X,Hydrophobic,3.590883735238444,hydrophobic
4HUP,ATOM,944,CE2,POS,123,X,Hydrophobic/Aromatic,HETATM,2105,C7,19M,301,X,Hydrophobic,3.5048710389970106,hydrophobic
4HUP,ATOM,1389,NH1,POS,180,X,Positive/Donor,HETATM,2103,N5,19M,301,X,Acceptor/Aromatic,3.1474872517613166,hydrogen bond
4HUP,ATOM,1390,NH2,POS,180,X,Positive/Donor,HETATM,2094,O1,19M,301,X,Acceptor,2.9241697967115376,hydrogen bond
4HUP,ATOM,1538,NH1,POS,196,X,Positive/Donor,HETATM,2144,O1A,MLA,304,X,Negative/Acceptor,4.875209226279422,salt bridge
4HUP,ATOM,1540,N,POS,197,X,Donor,HETATM,2145,O1B,MLA,304,X,Negative/Acceptor,3.1045439278580043,hydrogen bond
4HUP,ATOM,1547,NE,POS,197,X,Donor,HETATM,2145,O1B,MLA,304,X,Negative/Acceptor,2.862058350208814,hydrogen bond
4HUP,ATOM,1550,NH2,POS,197,X,Positive/Donor,HETATM,2145,O1B,MLA,304,X,Negative/Acceptor,3.9347908457756686,salt bridge
4HUP,ATOM,1550,NH2,POS,197,X,Positive/Donor,HETATM,2148,O3A,MLA,304,X,Negative/Acceptor,3.6663134072253016,salt bridge
4HUP,ATOM,1550,NH2,POS,197,X,Positive/Donor,HETATM,2149,O3B,MLA,304,X,Negative/Acceptor,2.7475461779558863,hydrogen bond
4HUP,ATOM,1550,NH2,POS,197,X,Positive/Donor,HETATM,2149,O3B,MLA,304,X,Negative/Acceptor,2.7475461779558863,salt bridge
4HUP,ATOM,1672,NE,POS,213,X,Donor,HETATM,2151,O1A,MLA,305,X,Negative/Acceptor,3.1834555124895325,hydrogen bond
4HUP,ATOM,1672,NE,POS,213,X,Donor,HETATM,2155,O3A,MLA,305,X,Negative/Acceptor,3.069487253597902,hydrogen bond
4HUP,ATOM,1674,NH1,POS,213,X,Positive/Donor,HETATM,2155,O3A,MLA,305,X,Negative/Acceptor,5.033634968886797,salt bridge
4HUP,ATOM,1675,NH2,POS,213,X,Positive/Donor,HETATM,2151,O1A,MLA,305,X,Negative/Acceptor,4.2954173254760715,salt bridge
4HUP,ATOM,1675,NH2,POS,213,X,Positive/Donor,HETATM,2155,O3A,MLA,305,X,Negative/Acceptor,4.237086853015875,salt bridge
4HUP,ATOM,1675,NH2,POS,213,X,Positive/Donor,HETATM,2156,O3B,MLA,305,X,Negative/Acceptor,5.388178727547928,salt bridge
4HUP,ATOM,1694,CB,POS,216,X,Hydrophobic,HETATM,2153,C2,MLA,305,X,Hydrophobic,3.7202893704656894,hydrophobic
4HUP,ATOM,2026,NH2,POS,258,X,Positive/Donor,HETATM,2152,O1B,MLA,305,X,Negative/Acceptor,3.6910277701474974,salt bridge
4HV3,ATOM,634,CE1,POS,80,A,Hydrophobic/Aromatic,HETATM,2132,C3,19L,301,A,Aromatic,3.342507741202701,aromatic stacking
4HV3,ATOM,634,CE1,POS,80,A,Hydrophobic/Aromatic,HETATM,2133,N3,19L,301,A,Acceptor/Aromatic,3.495530431851508,aromatic stacking
4HV3,ATOM,641,O,POS,81,A,Acceptor,HETATM,2125,N,19L,301,A,Acceptor/Donor,2.8876684366457304,hydrogen bond
4HV3,ATOM,764,OD1,POS,96,A,Negative/Acceptor,HETATM,2147,O4,19L,301,A,Negative/Acceptor,4.831660687589722,repulsive
4HV3,ATOM,765,OD2,POS,96,A,Negative/Acceptor,HETATM,2147,O4,19L,301,A,Negative/Acceptor,5.425291605066034,repulsive
4HV3,ATOM,966,O,POS,121,A,Acceptor,HETATM,2125,N,19L,301,A,Acceptor/Donor,3.125479483215335,hydrogen bond
4HV3,ATOM,971,CB,POS,122,A,Hydrophobic,HETATM,2146,C20,19L,301,A,Hydrophobic,3.7768138688582487,hydrophobic
4HV3,ATOM,975,N,POS,123,A,Donor,HETATM,2131,O1,19L,301,A,Acceptor,2.864940837085472,hydrogen bond
4HV3,ATOM,982,CD2,POS,123,A,Hydrophobic/Aromatic,HETATM,2137,C6,19L,301,A,Hydrophobic,3.2385431910042524,hydrophobic
4HV3,ATOM,984,CE2,POS,123,A,Hydrophobic/Aromatic,HETATM,2136,C5,19L,301,A,Aromatic,3.4324261099111806,aromatic stacking
4HV3,ATOM,984,CE2,POS,123,A,Hydrophobic/Aromatic,HETATM,2137,C6,19L,301,A,Hydrophobic,3.701658412117466,hydrophobic
4HV3,ATOM,1166,OE2,POS,146,A,Negative/Acceptor,HETATM,2169,O3A,MLA,303,A,Negative/Acceptor,5.2739959233962255,repulsive
4HV3,ATOM,1166,OE2,POS,146,A,Negative/Acceptor,HETATM,2170,O3B,MLA,303,A,Negative/Acceptor,5.311932322611048,repulsive
4HV3,ATOM,1424,NH1,POS,180,A,Positive/Donor,HETATM,2135,N4,19L,301,A,Acceptor/Aromatic,3.118916157898447,hydrogen bond
4HV3,ATOM,1425,NH2,POS,180,A,Positive/Donor,HETATM,2126,O,19L,301,A,Acceptor,2.844890507559122,hydrogen bond
4HV3,ATOM,1573,NH1,POS,196,A,Positive/Donor,HETATM,2165,O1A,MLA,303,A,Negative/Acceptor,4.710317505221915,salt bridge
4HV3,ATOM,1575,N,POS,197,A,Donor,HETATM,2166,O1B,MLA,303,A,Negative/Acceptor,3.1277359223566186,hydrogen bond
4HV3,ATOM,1584,NH1,POS,197,A,Positive/Donor,HETATM,2166,O1B,MLA,303,A,Negative/Acceptor,4.028274320351085,salt bridge
4HV3,ATOM,1584,NH1,POS,197,A,Positive/Donor,HETATM,2169,O3A,MLA,303,A,Negative/Acceptor,3.4157936120322026,salt bridge
4HV3,ATOM,1584,NH1,POS,197,A,Positive/Donor,HETATM,2170,O3B,MLA,303,A,Negative/Acceptor,3.0982811363722305,hydrogen bond
4HV3,ATOM,1584,NH1,POS,197,A,Positive/Donor,HETATM,2170,O3B,MLA,303,A,Negative/Acceptor,3.0982811363722305,salt bridge
4HV3,ATOM,1864,NH2,POS,234,A,Positive/Donor,HETATM,2176,O3A,MLA,304,A,Negative/Acceptor,3.4568508790516272,salt bridge
4HV3,ATOM,1909,CD1,POS,240,A,Hydrophobic/Aromatic,HETATM,2174,C2,MLA,304,A,Hydrophobic,3.7999744735984753,hydrophobic
4HV3,ATOM,1911,CE1,POS,240,A,Hydrophobic/Aromatic,HETATM,2174,C2,MLA,304,A,Hydrophobic,3.396836763814241,hydrophobic
4HV3,ATOM,1911,CE1,POS,240,A,Hydrophobic/Aromatic,HETATM,2175,C3,MLA,304,A,Hydrophobic,3.6616615081134958,hydrophobic
4HV7,ATOM,599,CE1,POS,80,X,Hydrophobic/Aromatic,HETATM,2099,C1,19J,301,X,Aromatic,3.2952843579879394,aromatic stacking
4HV7,ATOM,599,CE1,POS,80,X,Hydrophobic/Aromatic,HETATM,2105,N3,19J,301,X,Acceptor/Aromatic,3.056740911493807,aromatic stacking
4HV7,ATOM,599,CE1,POS,80,X,Hydrophobic/Aromatic,HETATM,2107,C4,19J,301,X,Aromatic,3.2821371086534437,aromatic stacking
4HV7,ATOM,600,CE1,POS,80,X,Hydrophobic/Aromatic,HETATM,2107,C4,19J,301,X,Aromatic,3.3093964706574517,aromatic stacking
4HV7,ATOM,603,CZ,POS,80,X,Hydrophobic/Aromatic,HETATM,2099,C1,19J,301,X,Aromatic,3.2511691743125275,aromatic stacking
4HV7,ATOM,603,CZ,POS,80,X,Hydrophobic/Aromatic,HETATM,2105,N3,19J,301,X,Acceptor/Aromatic,3.2283855098175622,aromatic stacking
4HV7,ATOM,610,O,POS,81,X,Acceptor,HETATM,2100,N1,19J,301,X,Acceptor/Donor,2.8458887891131655,hydrogen bond
4HV7,ATOM,935,O,POS,121,X,Acceptor,HETATM,2100,N1,19J,301,X,Acceptor/Donor,3.1749497633820907,hydrogen bond
4HV7,ATOM,944,N,POS,123,X,Donor,HETATM,2106,O2,19J,301,X,Acceptor,2.8734266999525153,hydrogen bond
4HV7,ATOM,949,CG,POS,123,X,Hydrophobic/Aromatic,HETATM,2112,C7,19J,301,X,Hydrophobic,3.7143303568745747,hydrophobic
4HV7,ATOM,951,CD2,POS,123,X,Hydrophobic/Aromatic,HETATM,2112,C7,19J,301,X,Hydrophobic,3.117148857529906,hydrophobic
4HV7,ATOM,953,CE2,POS,123,X,Hydrophobic/Aromatic,HETATM,2112,C7,19J,301,X,Hydrophobic,3.59102018930554,hydrophobic
4HV7,ATOM,1393,NH1,POS,180,X,Positive/Donor,HETATM,2110,N5,19J,301,X,Acceptor/Aromatic,3.1434993240018336,hydrogen bond
4HV7,ATOM,1394,NH2,POS,180,X,Positive/Donor,HETATM,2101,O1,19J,301,X,Acceptor,2.880793814211632,hydrogen bond
4HV7,ATOM,1551,NE,POS,197,X,Donor,HETATM,2128,O1A,MLA,303,X,Negative/Acceptor,3.1539977805952875,hydrogen bond
4HV7,ATOM,1554,NH2,POS,197,X,Positive/Donor,HETATM,2128,O1A,MLA,303,X,Negative/Acceptor,4.159895190987389,salt bridge
4HV7,ATOM,1554,NH2,POS,197,X,Positive/Donor,HETATM,2132,O3A,MLA,303,X,Negative/Acceptor,2.8940395643460026,hydrogen bond
4HV7,ATOM,1554,NH2,POS,197,X,Positive/Donor,HETATM,2132,O3A,MLA,303,X,Negative/Acceptor,2.8940395643460026,salt bridge
4HV7,ATOM,1554,NH2,POS,197,X,Positive/Donor,HETATM,2133,O3B,MLA,303,X,Negative/Acceptor,3.9662487314841965,salt bridge
4HV7,ATOM,2033,NH2,POS,258,X,Positive/Donor,HETATM,2120,O5,19J,301,X,Negative/Acceptor,5.485780983597504,salt bridge
4MX1,ATOM,634,CG,POS,80,A,Hydrophobic/Aromatic,HETATM,2142,N1,1MX,301,A,Donor/Aromatic,3.4886319668316976,aromatic stacking
4MX1,ATOM,636,CD1,POS,80,A,Hydrophobic/Aromatic,HETATM,2141,C1,1MX,301,A,Aromatic,3.3654427643328026,aromatic stacking
4MX1,ATOM,636,CD1,POS,80,A,Hydrophobic/Aromatic,HETATM,2142,N1,1MX,301,A,Donor/Aromatic,3.4658092850011237,aromatic stacking
4MX1,ATOM,640,CE1,POS,80,A,Hydrophobic/Aromatic,HETATM,2138,C,1MX,301,A,Aromatic,3.331084808286935,aromatic stacking
4MX1,ATOM,640,CE1,POS,80,A,Hydrophobic/Aromatic,HETATM,2145,N2,1MX,301,A,Acceptor/Aromatic,3.1959832602815674,aromatic stacking
4MX1,ATOM,640,CE1,POS,80,A,Hydrophobic/Aromatic,HETATM,2147,C3,1MX,301,A,Aromatic,3.2079953241861188,aromatic stacking
4MX1,ATOM,641,CE2,POS,80,A,Hydrophobic/Aromatic,HETATM,2160,C11,1MX,301,A,Aromatic,2.776893408109141,aromatic stacking
4MX1,ATOM,641,CE2,POS,80,A,Hydrophobic/Aromatic,HETATM,2161,C12,1MX,301,A,Aromatic,2.4745423819365078,aromatic stacking
4MX1,ATOM,642,CE2,POS,80,A,Hydrophobic/Aromatic,HETATM,2138,C,1MX,301,A,Aromatic,3.417066870870396,aromatic stacking
4MX1,ATOM,643,CZ,POS,80,A,Hydrophobic/Aromatic,HETATM,2161,C12,1MX,301,A,Aromatic,3.032050626226416,aromatic stacking
4MX1,ATOM,644,CZ,POS,80,A,Hydrophobic/Aromatic,HETATM,2138,C,1MX,301,A,Aromatic,3.182390610845878,aromatic stacking
4MX1,ATOM,644,CZ,POS,80,A,Hydrophobic/Aromatic,HETATM,2145,N2,1MX,301,A,Acceptor/Aromatic,3.2318293581190196,aromatic stacking
4MX1,ATOM,650,O,POS,81,A,Acceptor,HETATM,2139,N,1MX,301,A,Acceptor/Donor,2.892879015790325,hydrogen bond
4MX1,ATOM,975,O,POS,121,A,Acceptor,HETATM,2139,N,1MX,301,A,Acceptor/Donor,3.181488016636242,hydrogen bond
4MX1,ATOM,984,N,POS,123,A,Donor,HETATM,2143,O1,1MX,301,A,Acceptor,2.9067406145027794,hydrogen bond
4MX1,ATOM,989,CG,POS,123,A,Hydrophobic/Aromatic,HETATM,2153,C6,1MX,301,A,Hydrophobic,3.75421110221575,hydrophobic
4MX1,ATOM,991,CD2,POS,123,A,Hydrophobic/Aromatic,HETATM,2153,C6,1MX,301,A,Hydrophobic,3.1289017242476618,hydrophobic
4MX1,ATOM,993,CE2,POS,123,A,Hydrophobic/Aromatic,HETATM,2153,C6,1MX,301,A,Hydrophobic,3.597989577527985,hydrophobic
4MX1,ATOM,1180,OE2,POS,146,A,Negative/Acceptor,HETATM,2175,O3A,MLA,303,A,Negative/Acceptor,5.510364960689992,repulsive
4MX1,ATOM,1180,OE2,POS,146,A,Negative/Acceptor,HETATM,2176,O3B,MLA,303,A,Negative/Acceptor,5.2446877886104915,repulsive
4MX1,ATOM,1438,NH1,POS,180,A,Positive/Donor,HETATM,2150,N4,1MX,301,A,Acceptor/Aromatic,3.094272935602158,hydrogen bond
4MX1,ATOM,1439,NH2,POS,180,A,Positive/Donor,HETATM,2140,O,1MX,301,A,Acceptor,2.907075162427007,hydrogen bond
4MX1,ATOM,1589,N,POS,197,A,Donor,HETATM,2172,O1B,MLA,303,A,Negative/Acceptor,3.111996304625055,hydrogen bond
4MX1,ATOM,1598,NH1,POS,197,A,Positive/Donor,HETATM,2172,O1B,MLA,303,A,Negative/Acceptor,4.011699016626247,salt bridge
4MX1,ATOM,1598,NH1,POS,197,A,Positive/Donor,HETATM,2175,O3A,MLA,303,A,Negative/Acceptor,3.6793855465281156,salt bridge
4MX1,ATOM,1598,NH1,POS,197,A,Positive/Donor,HETATM,2176,O3B,MLA,303,A,Negative/Acceptor,2.9560490523670278,hydrogen bond
4MX1,ATOM,1598,NH1,POS,197,A,Positive/Donor,HETATM,2176,O3B,MLA,303,A,Negative/Acceptor,2.9560490523670278,salt bridge
4MX1,ATOM,1599,NH2,POS,197,A,Positive/Donor,HETATM,2176,O3B,MLA,303,A,Negative/Acceptor,4.852996393981764,salt bridge
4MX1,ATOM,1706,N,POS,212,A,Donor,HETATM,2146,O2,1MX,301,A,Acceptor,2.8720673738615523,hydrogen bond
4MX1,ATOM,1878,NH2,POS,234,A,Positive/Donor,HETATM,2182,O3A,MLA,304,A,Negative/Acceptor,3.528103456532985,salt bridge
4MX1,ATOM,1925,CE1,POS,240,A,Hydrophobic/Aromatic,HETATM,2180,C2,MLA,304,A,Hydrophobic,3.6180164455126524,hydrophobic
4MX1,ATOM,1925,CE1,POS,240,A,Hydrophobic/Aromatic,HETATM,2181,C3,MLA,304,A,Hydrophobic,3.455041533759037,hydrophobic
4MX5,ATOM,588,CG,POS,80,X,Hydrophobic/Aromatic,HETATM,2084,C4,5MX,301,X,Aromatic,3.4845163222461717,aromatic stacking
4MX5,ATOM,592,CE2,POS,80,X,Hydrophobic/Aromatic,HETATM,2091,C8A,5MX,301,X,Aromatic,3.3369018565130126,aromatic stacking
4MX5,ATOM,598,O,POS,81,X,Acceptor,HETATM,2082,N2,5MX,301,X,Acceptor/Donor,2.8794120927717173,hydrogen bond
4MX5,ATOM,923,O,POS,121,X,Acceptor,HETATM,2082,N2,5MX,301,X,Acceptor/Donor,3.1446635750108465,hydrogen bond
4MX5,ATOM,931,ND2,POS,122,X,Donor,HETATM,2099,OAT,5MX,301,X,Negative/Acceptor,3.002811682407008,hydrogen bond
4MX5,ATOM,932,N,POS,123,X,Donor,HETATM,2093,OAN,5MX,301,X,Acceptor,2.9189842411359477,hydrogen bond
4MX5,ATOM,937,CG,POS,123,X,Hydrophobic/Aromatic,HETATM,2092,CAM,5MX,301,X,Hydrophobic,3.752310621470455,hydrophobic
4MX5,ATOM,939,CD2,POS,123,X,Hydrophobic/Aromatic,HETATM,2092,CAM,5MX,301,X,Hydrophobic,3.1070960718973595,hydrophobic
4MX5,ATOM,941,CE2,POS,123,X,Hydrophobic/Aromatic,HETATM,2087,C6,5MX,301,X,Aromatic,3.443925231476431,aromatic stacking
4MX5,ATOM,941,CE2,POS,123,X,Hydrophobic/Aromatic,HETATM,2092,CAM,5MX,301,X,Hydrophobic,3.5195921638735332,hydrophobic
4MX5,ATOM,1381,NH1,POS,180,X,Positive/Donor,HETATM,2086,N5,5MX,301,X,Acceptor/Aromatic,3.126298930044918,hydrogen bond
4MX5,ATOM,1382,NH2,POS,180,X,Positive/Donor,HETATM,2085,O4,5MX,301,X,Acceptor,2.86010454354382,hydrogen bond
